id,title,original_title,original_language,release_date,popularity,vote_average,vote_count,adult,video,overview,budget,revenue,runtime,status,homepage,genres,production_companies,production_countries
950387,A Minecraft Movie,A Minecraft Movie,en,2025-03-31,396.3539,6.189,807,False,False,"Four misfits find themselves struggling with ordinary problems when they are suddenly pulled through a mysterious portal into the Overworld: a bizarre, cubic wonderland that thrives on imagination. To get back home, they'll have to master this world while embarking on a magical quest with an unexpected, expert crafter, Steve.",150000000,815953914,101,Released,https://www.minecraft-movie.com,Family; Comedy; Adventure; Fantasy,Warner Bros. Pictures; Legendary Pictures; Mojang Studios; Vertigo Entertainment; On the Roam; Domain Entertainment,Sweden; United States of America
986056,Thunderbolts*,Thunderbolts*,en,2025-04-30,346.8975,7.643,315,False,False,"After finding themselves ensnared in a death trap, seven disillusioned castoffs must embark on a dangerous mission that will force them to confront the darkest corners of their pasts.",180000000,31500000,127,Released,https://www.marvel.com/movies/thunderbolts,Action; Adventure; Science Fiction,Marvel Studios; Kevin Feige Productions,United States of America
324544,In the Lost Lands,In the Lost Lands,en,2025-02-27,255.8634,6.325,320,False,False,"A queen sends the powerful and feared sorceress Gray Alys to the ghostly wilderness of the Lost Lands in search of a magical power, where she and her guide, the drifter Boyce, must outwit and outfight both man and demon.",55000000,4755330,102,Released,https://inthelostlands.com,Action; Fantasy; Adventure,Constantin Film; Spark Productions,Germany; Switzerland
1153714,Death of a Unicorn,Death of a Unicorn,en,2025-03-27,255.1396,6.209,129,False,False,"A father and daughter accidentally hit and kill a unicorn while en route to a weekend retreat, where his billionaire boss seeks to exploit the creature’s miraculous curative properties.",15000000,15983827,107,Released,https://a24films.com/films/death-of-a-unicorn,Horror; Fantasy; Comedy; Adventure,A24; Square Peg; Secret Engine; Ley Line Entertainment,United States of America
299537,Captain Marvel,Captain Marvel,en,2019-03-06,126.5237,6.801,16001,False,False,"The story follows Carol Danvers as she becomes one of the universe’s most powerful heroes when Earth is caught in the middle of a galactic war between two alien races. Set in the 1990s, Captain Marvel is an all-new adventure from a previously unseen period in the history of the Marvel Cinematic Universe.",152000000,1131416446,124,Released,https://www.marvel.com/movies/captain-marvel,Action; Adventure; Science Fiction,Marvel Studios,United States of America
297762,Wonder Woman,Wonder Woman,en,2017-05-30,125.1729,7.216,20191,False,False,An Amazon princess comes to the world of Man in the grips of the First World War to confront the forces of evil and bring an end to human conflict.,149000000,823970682,141,Released,https://www.warnerbros.com/movies/wonder-woman,Action; Adventure; Fantasy,Atlas Entertainment; Cruel & Unusual Films; DC Films,United States of America
497698,Black Widow,Black Widow,en,2021-07-07,113.5818,7.209,10490,False,False,"Natasha Romanoff, also known as Black Widow, confronts the darker parts of her ledger when a dangerous conspiracy with ties to her past arises. Pursued by a force that will stop at nothing to bring her down, Natasha must deal with her history as a spy and the broken relationships left in her wake long before she became an Avenger.",200000000,379751131,134,Released,https://www.marvel.com/movies/black-widow,Action; Adventure; Science Fiction,Marvel Studios,United States of America
762509,Mufasa: The Lion King,Mufasa: The Lion King,en,2024-12-18,117.0211,7.419,2050,False,False,"Mufasa, a cub lost and alone, meets a sympathetic lion named Taka, the heir to a royal bloodline. The chance meeting sets in motion an expansive journey of a group of misfits searching for their destiny.",200000000,721046090,118,Released,https://movies.disney.com/mufasa-the-lion-king,Adventure; Family; Animation,Walt Disney Pictures,United States of America
1241982,Moana 2,Moana 2,en,2024-11-21,118.6005,7.078,2313,False,False,"After receiving an unexpected call from her wayfinding ancestors, Moana journeys alongside Maui and a new crew to the far seas of Oceania and into dangerous, long-lost waters for an adventure unlike anything she's ever faced.",150000000,1059544057,100,Released,https://movies.disney.com/moana-2,Animation; Adventure; Family; Comedy,Walt Disney Pictures; Walt Disney Animation Studios; Walt Disney Animation Studios,Canada; United States of America
38575,The Karate Kid,The Karate Kid,en,2010-06-10,80.9417,6.549,6158,False,False,"Twelve-year-old Dre Parker could have been the most popular kid in Detroit, but his mother's latest career move has landed him in China. Dre immediately falls for his classmate Mei Ying but the cultural differences make such a friendship impossible. Even worse, Dre's feelings make him an enemy of the class bully, Cheng. With no friends in a strange land, Dre has nowhere to turn but maintenance man Mr. Han, who is a kung fu master. As Han teaches Dre that kung fu is not about punches and parries, but maturity and calm, Dre realizes that facing down the bullies will be the fight of his life.",40000000,359126022,140,Released,https://www.sonypictures.com/movies/thekaratekid,Action; Adventure; Drama; Family,Jerry Weintraub Productions; Columbia Pictures; Overbrook Entertainment; China Film Group Corporation; Emperor Motion Pictures,China; Hong Kong; United States of America
700391,65,65,en,2023-03-02,71.826,5.98,2540,False,False,"65 million years ago, the only 2 survivors of a spaceship from Somaris that crash-landed on Earth, must fend off dinosaurs to reach the escape vessel in time before an imminent asteroid strike threatens to destroy the planet.",45000000,60730568,92,Released,https://www.65.movie,Action; Adventure; Science Fiction,Raimi Productions; Beck/Woods; Bron Studios; Columbia Pictures; TSG Entertainment,Canada; United States of America
696506,Mickey 17,Mickey 17,en,2025-02-28,61.7409,6.899,1815,False,False,"Unlikely hero Mickey Barnes finds himself in the extraordinary circumstance of working for an employer who demands the ultimate commitment to the job… to die, for a living.",118000000,127337252,137,Released,https://www.mickey17movie.com,Science Fiction; Comedy; Adventure,Warner Bros. Pictures; Plan B Entertainment; Offscreen; Kate Street Picture Company; Domain Entertainment,United States of America; United Kingdom
912649,Venom: The Last Dance,Venom: The Last Dance,en,2024-10-22,64.4236,6.769,3254,False,False,"Eddie and Venom are on the run. Hunted by both of their worlds and with the net closing in, the duo are forced into a devastating decision that will bring the curtains down on Venom and Eddie's last dance.",120000000,478103649,109,Released,https://venom.movie,Action; Science Fiction; Adventure,Columbia Pictures; Pascal Pictures; Matt Tolmach Productions; Hutch Parker Entertainment; Arad Productions,United States of America
1356039,Counterattack,Contraataque,es,2025-02-27,57.1518,8.364,663,False,False,"When a hostage rescue mission creates a new enemy, Capt. Guerrero and his elite soldiers must face an ambush by a criminal group.",0,0,85,Released,https://www.netflix.com/title/81936018,Action; Adventure; Thriller,Draco Films,Mexico
1229730,Carjackers,Carjackers,fr,2025-03-27,56.7076,6.135,170,False,False,"By day, they're invisible—valets, hostesses, and bartenders at a luxury hotel. By night, they're the Carjackers, a crew of skilled drivers who track and rob wealthy clients on the road. As they plan their ultimate heist, the hotel director hires a ruthless hitman, to stop them at all costs. With danger closing in, can Nora, Zoe, Steve, and Prestance pull off their biggest score yet?",0,0,97,Released,https://www.amazon.com/gp/video/detail/B0DCYJL1GN,Action; Adventure,Gaumont,France
539972,Kraven the Hunter,Kraven the Hunter,en,2024-12-11,56.028,6.589,1637,False,False,"Kraven Kravinoff's complex relationship with his ruthless gangster father, Nikolai, starts him down a path of vengeance with brutal consequences, motivating him to become not only the greatest hunter in the world, but also one of its most feared.",120000000,59184643,127,Released,https://www.kravenmovie.com,Action; Adventure; Thriller,Columbia Pictures; Matt Tolmach Productions; Arad Productions,United States of America
299536,Avengers: Infinity War,Avengers: Infinity War,en,2018-04-25,44.9429,8.236,30479,False,False,"As the Avengers and their allies have continued to protect the world from threats too large for any one hero to handle, a new danger has emerged from the cosmic shadows: Thanos. A despot of intergalactic infamy, his goal is to collect all six Infinity Stones, artifacts of unimaginable power, and use them to inflict his twisted will on all of reality. Everything the Avengers have fought for has led up to this moment - the fate of Earth and existence itself has never been more uncertain.",300000000,2052415039,149,Released,https://www.marvel.com/movies/avengers-infinity-war,Adventure; Action; Science Fiction,Marvel Studios,United States of America
575265,Mission: Impossible - The Final Reckoning,Mission: Impossible - The Final Reckoning,en,2025-05-17,54.1438,0.0,0,False,False,"Ethan Hunt and the IMF team continue their search for the terrifying AI known as the Entity - which has infiltrated intelligence networks all over the globe - with the world's governments and a mysterious ghost from Ethan's past on their trail. Joined by new allies and armed with the means to shut the Entity down for good, Hunt is in a race against time to prevent the world as we know it from changing forever.",400000000,0,171,Released,https://www.missionimpossible.com,Action; Adventure; Thriller,Paramount Pictures; Skydance Media; TC Productions,United States of America
558449,Gladiator II,Gladiator II,en,2024-11-13,50.2974,6.8,3275,False,False,"Years after witnessing the death of the revered hero Maximus at the hands of his uncle, Lucius is forced to enter the Colosseum after his home is conquered by the tyrannical Emperors who now lead Rome with an iron fist. With rage in his heart and the future of the Empire at stake, Lucius must look to his past to find strength and honor to return the glory of Rome to its people.",310000000,458718000,148,Released,https://www.gladiator.movie,Action; Adventure; Drama,Paramount Pictures; Scott Free Productions; Lucy Fisher/Douglas Wick Productions,United States of America
823219,Flow,Straume,lv,2024-08-29,52.7955,8.195,1896,False,False,"A solitary cat, displaced by a great flood, finds refuge on a boat with various species and must navigate the challenges of adapting to a transformed world together.",3700000,17660107,85,Released,https://flowthemovie.com/,Animation; Fantasy; Adventure,Dream Well Studio; Sacrebleu Productions; Take Five; ARTE France Cinéma; RTBF,Latvia; Belgium; France
927342,Amaran,அமரன்,ta,2024-10-31,47.4642,7.383,227,False,False,"A heroic true story of Major Mukund Varadarajan, an Indian Army officer who displayed extraordinary bravery during a counterterrorism mission in Kashmir’s Shopian district. The film captures his courage in protecting his nation and the devotion of his wife Indhu Rebecaa Varghese.",14700000,39200000,169,Released,,Action; Drama; Adventure; War,Raajkamal Films International; Sony Pictures International Productions,India
1022789,Inside Out 2,Inside Out 2,en,2024-06-11,49.0516,7.557,5797,False,False,"Teenager Riley's mind headquarters is undergoing a sudden demolition to make room for something entirely unexpected: new Emotions! Joy, Sadness, Anger, Fear and Disgust, who’ve long been running a successful operation by all accounts, aren’t sure how to feel when Anxiety shows up. And it looks like she’s not alone.",200000000,1698863816,97,Released,https://movies.disney.com/inside-out-2,Animation; Adventure; Comedy; Family,Walt Disney Pictures; Pixar,United States of America
29882,The Black Swan,The Black Swan,en,1942-12-04,31.4973,6.39,86,False,False,"When notorious pirate Henry Morgan is made governor of Jamaica, he enlists the help of some of his former partners in ridding the Caribbean of buccaneers. When one of them apparently abducts the previous governor's pretty daughter and joins up with the rebels, things are set for a fight.",1493800,5727000,87,Released,,Adventure; Romance,20th Century Fox,United States of America
1104845,Plankton: The Movie,Plankton: The Movie,en,2025-03-08,43.1105,6.8,95,False,False,Plankton's tangled love story with his sentient computer wife goes sideways when she takes a stand — and decides to destroy the world without him.,0,0,83,Released,https://www.netflix.com/title/81221337,Animation; Adventure; Comedy; Family; Fantasy,Nickelodeon Movies,United States of America
7451,xXx,xXx,en,2002-08-09,40.362,5.94,4405,False,False,"Xander Cage is your standard adrenaline junkie with no fear and a lousy attitude. When the US Government ""recruits"" him to go on a mission, he's not exactly thrilled. His mission: to gather information on an organization that may just be planning the destruction of the world, led by the nihilistic Yorgi.",70000000,277448382,124,Released,http://www.sonypictures.com/movies/xxx/,Action; Adventure; Thriller; Crime,Columbia Pictures; Original Film; Revolution Studios; Neal H. Moritz Productions,United States of America; Czech Republic
11,Star Wars,Star Wars,en,1977-05-25,33.5241,8.2,21114,False,False,Princess Leia is captured and held hostage by the evil Imperial forces in their effort to take over the galactic Empire. Venturesome Luke Skywalker and dashing captain Han Solo team together with the loveable robot duo R2-D2 and C-3PO to rescue the beautiful princess and restore peace and justice in the Empire.,11000000,775398007,121,Released,http://www.starwars.com/films/star-wars-episode-iv-a-new-hope,Adventure; Action; Science Fiction,Lucasfilm Ltd.; 20th Century Fox,United States of America
774370,Dog Man,Dog Man,en,2025-01-24,38.7651,7.788,233,False,False,"When a faithful police dog and his human police officer owner are injured together on the job, a harebrained but life-saving surgery fuses the two of them together and Dog Man is born. Dog Man is sworn to protect and serve—and fetch, sit and roll over. As Dog Man embraces his new identity and strives to impress his Chief, he must stop the pretty evil plots of feline supervillain Petey the Cat.",40000000,134251500,89,Released,https://www.dreamworksdogman.com,Family; Comedy; Adventure; Animation,DreamWorks Animation,United States of America
315635,Spider-Man: Homecoming,Spider-Man: Homecoming,en,2017-07-05,26.871,7.331,22175,False,False,"Following the events of Captain America: Civil War, Peter Parker, with the help of his mentor Tony Stark, tries to balance his life as an ordinary high school student in Queens, New York City, with fighting crime as his superhero alter ego Spider-Man as a new threat, the Vulture, emerges.",175000000,880166924,133,Released,https://www.sonypictures.com/movies/spidermanhomecoming,Action; Adventure; Science Fiction; Drama,Marvel Studios; Pascal Pictures; LStar Capital; Columbia Pictures,United States of America
420818,The Lion King,The Lion King,en,2019-07-12,27.7733,7.111,10338,False,False,"Simba idolizes his father, King Mufasa, and takes to heart his own royal destiny. But not everyone in the kingdom celebrates the new cub's arrival. Scar, Mufasa's brother—and former heir to the throne—has plans of his own. The battle for Pride Rock is ravaged with betrayal, tragedy and drama, ultimately resulting in Simba's exile. With help from a curious pair of newfound friends, Simba will have to figure out how to grow up and take back what is rightfully his.",260000000,1662020819,118,Released,https://movies.disney.com/the-lion-king-2019,Adventure; Drama; Family; Animation,Walt Disney Pictures; Fairview Entertainment,United States of America
671,Harry Potter and the Philosopher's Stone,Harry Potter and the Philosopher's Stone,en,2001-11-16,37.7538,7.9,28155,False,False,"Harry Potter has lived under the stairs at his aunt and uncle's house his whole life. But on his 11th birthday, he learns he's a powerful wizard—with a place waiting for him at the Hogwarts School of Witchcraft and Wizardry. As he learns to harness his newfound powers with the help of the school's kindly headmaster, Harry uncovers the truth about his parents' deaths—and about the villain who's to blame.",125000000,976475550,152,Released,https://www.warnerbros.com/movies/harry-potter-and-sorcerers-stone/,Adventure; Fantasy,Warner Bros. Pictures; Heyday Films; 1492 Pictures,United Kingdom; United States of America
808,Shrek,Shrek,en,2001-05-18,35.0676,7.75,17639,False,False,"It ain't easy bein' green -- especially if you're a likable (albeit smelly) ogre named Shrek. On a mission to retrieve a gorgeous princess from the clutches of a fire-breathing dragon, Shrek teams up with an unlikely compatriot -- a wisecracking donkey.",60000000,488628188,90,Released,http://www.dreamworksanimation.com/shrek/,Animation; Comedy; Fantasy; Adventure; Family,Pacific Data Images; DreamWorks Animation; DreamWorks Pictures,United States of America
411,"The Chronicles of Narnia: The Lion, the Witch and the Wardrobe","The Chronicles of Narnia: The Lion, the Witch and the Wardrobe",en,2005-12-07,34.0677,7.134,10902,False,False,"Siblings Lucy, Edmund, Susan and Peter step through a magical wardrobe and find the land of Narnia. There, they discover a charming, once peaceful kingdom that has been plunged into eternal winter by the evil White Witch, Jadis. Aided by the wise and magnificent lion, Aslan, the children lead Narnia into a spectacular, climactic battle to be free of the Witch's glacial powers forever.",180000000,745013115,143,Released,,Adventure; Family; Fantasy,Walt Disney Pictures; Walden Media; C.S. Lewis Company,United Kingdom; United States of America
1147416,"Miraculous World: London, At the Edge of Time","Miraculous World : Londres, la course contre le temps",fr,2024-11-14,36.6387,7.329,255,False,False,"To save the future from a terrible fate, Marinette becomes Chronobug and teams up with Bunnyx to defeat a mysterious opponent who travels through time. Who is this new supervillain, and why are they obsessed with exposing Marinette's secret superhero identity? Marinette's only hope is to defeat her new opponent to prevent the end of Ladybug and time itself!",0,0,50,Released,,Animation; Adventure; Action; Fantasy,Zagtoon; Method Animation,France
98,Gladiator,Gladiator,en,2000-05-04,33.6,8.219,19637,False,False,"After the death of Emperor Marcus Aurelius, his devious son takes power and demotes Maximus, one of Rome's most capable generals who Marcus preferred. Eventually, Maximus is forced to become a gladiator and battle to the death against other men for the amusement of paying audiences.",103000000,465361176,155,Released,,Action; Drama; Adventure,Universal Pictures; Scott Free Productions; Red Wagon Entertainment; Mill Film; DreamWorks Pictures,United Kingdom; United States of America
573435,Bad Boys: Ride or Die,Bad Boys: Ride or Die,en,2024-06-05,34.3178,7.385,2871,False,False,"After their late former Captain is framed, Lowrey and Burnett try to clear his name, only to end up on the run themselves.",100000000,404547819,115,Released,https://www.badboys.movie,Action; Comedy; Crime; Thriller; Adventure,Westbrook; Columbia Pictures; Don Simpson/Jerry Bruckheimer Films; 2.0 Entertainment,United States of America
634649,Spider-Man: No Way Home,Spider-Man: No Way Home,en,2021-12-15,33.7617,7.9,20724,False,False,"Peter Parker is unmasked and no longer able to separate his normal life from the high-stakes of being a super-hero. When he asks for help from Doctor Strange the stakes become even more dangerous, forcing him to discover what it truly means to be Spider-Man.",200000000,1921847111,148,Released,https://www.sonypictures.com/movies/spidermannowayhome,Action; Adventure; Science Fiction,Marvel Studios; Pascal Pictures; Columbia Pictures,United States of America
141052,Justice League,Justice League,en,2017-11-15,24.0423,6.075,13127,False,False,"Fuelled by his restored faith in humanity and inspired by Superman's selfless act, Bruce Wayne and Diana Prince assemble a team of metahumans consisting of Barry Allen, Arthur Curry and Victor Stone to face the catastrophic threat of Steppenwolf and the Parademons who are on the hunt for three Mother Boxes on Earth.",300000000,661326987,120,Released,http://www.justiceleaguethemovie.com,Action; Adventure; Science Fiction,RatPac Entertainment; Cruel & Unusual Films; Atlas Entertainment; Warner Bros. Pictures; DC Films,United States of America
157336,Interstellar,Interstellar,en,2014-11-05,44.4441,8.454,37057,False,False,The adventures of a group of explorers who make use of a newly discovered wormhole to surpass the limitations on human space travel and conquer the vast distances involved in an interstellar voyage.,165000000,746606706,169,Released,http://www.interstellarmovie.net/,Adventure; Drama; Science Fiction,Legendary Pictures; Syncopy; Lynda Obst Productions,United Kingdom; United States of America
299534,Avengers: Endgame,Avengers: Endgame,en,2019-04-24,28.2739,8.238,26288,False,False,"After the devastating events of Avengers: Infinity War, the universe is in ruins due to the efforts of the Mad Titan, Thanos. With the help of remaining allies, the Avengers must assemble once more in order to undo Thanos' actions and restore order to the universe once and for all, no matter what consequences may be in store.",356000000,2799439100,181,Released,https://www.marvel.com/movies/avengers-endgame,Adventure; Science Fiction; Action,Marvel Studios,United States of America
76600,Avatar: The Way of Water,Avatar: The Way of Water,en,2022-12-14,31.1213,7.611,12513,False,False,"Set more than a decade after the events of the first film, learn the story of the Sully family (Jake, Neytiri, and their kids), the trouble that follows them, the lengths they go to keep each other safe, the battles they fight to stay alive, and the tragedies they endure.",460000000,2320250281,192,Released,https://www.avatar.com/movies/avatar-the-way-of-water,Science Fiction; Adventure; Action,20th Century Studios; Lightstorm Entertainment,United States of America
980477,Ne Zha 2,哪吒之魔童闹海,zh,2025-01-29,33.2091,7.88,163,False,False,"Following the Tribulation, although the souls of Ne Zha and Ao Bing were preserved, their physical bodies will soon be destroyed. Tai Yi Zhen Ren plans to use the Seven Colored Lotus to reshape their physical forms, but encounters numerous difficulties. What will become of Ne Zha and Ao Bing?",80000000,2150000000,144,Released,,Animation; Fantasy; Adventure,Chengdu Coco Cartoon; Beijing Enlight Pictures; Chengdu Enlight Animation; Coloroom Pictures,China
693134,Dune: Part Two,Dune: Part Two,en,2024-02-27,31.9384,8.15,6607,False,False,"Follow the mythic journey of Paul Atreides as he unites with Chani and the Fremen while on a path of revenge against the conspirators who destroyed his family. Facing a choice between the love of his life and the fate of the known universe, Paul endeavors to prevent a terrible future only he can foresee.",190000000,714444358,167,Released,https://www.dunemovie.com,Science Fiction; Adventure,Legendary Pictures,United States of America
502356,The Super Mario Bros. Movie,The Super Mario Bros. Movie,en,2023-04-05,30.2207,7.621,9647,False,False,"While working underground to fix a water main, Brooklyn plumbers—and brothers—Mario and Luigi are transported down a mysterious pipe and wander into a magical new world. But when the brothers are separated, Mario embarks on an epic quest to find Luigi.",100000000,1362000000,93,Released,https://www.uphe.com/movies/the-super-mario-bros-movie,Family; Comedy; Adventure; Animation,Universal Pictures; Illumination; Nintendo,Japan; United States of America
24428,The Avengers,The Avengers,en,2012-04-25,33.6667,7.744,31704,False,False,"When an unexpected enemy emerges and threatens global safety and security, Nick Fury, director of the international peacekeeping agency known as S.H.I.E.L.D., finds himself in need of a team to pull the world back from the brink of disaster. Spanning the globe, a daring recruitment effort begins!",220000000,1518815515,143,Released,https://www.marvel.com/movies/the-avengers,Science Fiction; Action; Adventure,Marvel Studios,United States of America
1895,Star Wars: Episode III - Revenge of the Sith,Star Wars: Episode III - Revenge of the Sith,en,2005-05-17,30.4514,7.44,14067,False,False,The evil Darth Sidious enacts his final plan for unlimited power -- and the heroic Jedi Anakin Skywalker must choose a side.,113000000,850000000,140,Released,http://www.starwars.com/films/star-wars-episode-iii-revenge-of-the-sith,Adventure; Action; Science Fiction,Lucasfilm Ltd.,United States of America
675353,Sonic the Hedgehog 2,Sonic the Hedgehog 2,en,2022-03-30,28.5791,7.5,5479,False,False,"After settling in Green Hills, Sonic is eager to prove he has what it takes to be a true hero. His test comes when Dr. Robotnik returns, this time with a new partner, Knuckles, in search for an emerald that has the power to destroy civilizations. Sonic teams up with his own sidekick, Tails, and together they embark on a globe-trotting journey to find the emerald before it falls into the wrong hands.",110000000,405421518,123,Released,https://www.paramountmovies.com/movies/sonic-the-hedgehog-2,Action; Adventure; Family; Comedy,Original Film; Blur Studio; Marza Animation Planet; Paramount Pictures; SEGA; SEGA of America,Japan; United States of America
862,Toy Story,Toy Story,en,1995-11-22,30.5618,7.968,18795,False,False,"Led by Woody, Andy's toys live happily in his room until Andy's birthday brings Buzz Lightyear onto the scene. Afraid of losing his place in Andy's heart, Woody plots against Buzz. But when circumstances separate Buzz and Woody from their owner, the duo eventually learns to put aside their differences.",30000000,394436586,81,Released,http://toystory.disney.com/toy-story,Animation; Adventure; Family; Comedy,Pixar,United States of America
1357633,Solo Leveling -ReAwakening-,俺だけレベルアップな件 -ReAwakening-,ja,2024-11-26,30.2284,7.0,185,False,False,"Over a decade after 'gates' connecting worlds appeared, awakening 'hunters' with superpowers, weakest hunter Sung Jinwoo encounters a double dungeon and accepts a mysterious quest, becoming the only one able to level up, changing his fate. A catch-up recap of the first season coupled with an exclusive sneak peek of the first two episodes of the highly anticipated second season in one momentous theatrical fan experience.",0,6331827,116,Released,https://www.sololevelingreawakening.com,Action; Adventure; Fantasy; Animation,Aniplex; A-1 Pictures,Japan
21032,Balto,Balto,en,1995-12-22,21.6834,7.306,2071,False,False,"An outcast half-wolf risks his life to prevent a deadly epidemic from ravaging Nome, Alaska.",31000000,11348324,78,Released,,Family; Animation; Adventure,Amblin Entertainment; Amblimation; Universal Pictures,United States of America
385687,Fast X,Fast X,en,2023-05-17,33.4016,7.043,5874,False,False,"Over many missions and against impossible odds, Dom Toretto and his family have outsmarted, out-nerved and outdriven every foe in their path. Now, they confront the most lethal opponent they've ever faced: A terrifying threat emerging from the shadows of the past who's fueled by blood revenge, and who is determined to shatter this family and destroy everything—and everyone—that Dom loves, forever.",340000000,704709660,142,Released,https://fastxmovie.com,Action; Crime; Thriller; Adventure; Mystery,Universal Pictures; Original Film; One Race; Perfect Storm Entertainment,United States of America
674,Harry Potter and the Goblet of Fire,Harry Potter and the Goblet of Fire,en,2005-11-16,27.8516,7.802,21145,False,False,"When Harry Potter's name emerges from the Goblet of Fire, he becomes a competitor in a grueling battle for glory among three wizarding schools—the Triwizard Tournament. But since Harry never submitted his name for the Tournament, who did? Now Harry must confront a deadly dragon, fierce water demons and an enchanted maze only to find himself in the cruel grasp of He Who Must Not Be Named.",150000000,895921036,157,Released,https://www.warnerbros.com/movies/harry-potter-and-goblet-fire/,Adventure; Fantasy,Warner Bros. Pictures; Heyday Films; Patalex IV Productions Limited,United Kingdom; United States of America
673,Harry Potter and the Prisoner of Azkaban,Harry Potter and the Prisoner of Azkaban,en,2004-05-31,28.8672,8.011,22076,False,False,"Year three at Hogwarts means new fun and challenges as Harry learns the delicate art of approaching a Hippogriff, transforming shape-shifting Boggarts into hilarity and even turning back time. But the term also brings danger: soul-sucking Dementors hover over the school, an ally of the accursed He-Who-Cannot-Be-Named lurks within the castle walls, and fearsome wizard Sirius Black escapes Azkaban. And Harry will confront them all.",130000000,789804554,141,Released,https://www.warnerbros.com/movies/harry-potter-and-prisoner-azkaban/,Adventure; Fantasy,Warner Bros. Pictures; 1492 Pictures; Heyday Films; P of A Productions Limited,United Kingdom; United States of America
569094,Spider-Man: Across the Spider-Verse,Spider-Man: Across the Spider-Verse,en,2023-05-31,28.8212,8.343,7526,False,False,"After reuniting with Gwen Stacy, Brooklyn’s full-time, friendly neighborhood Spider-Man is catapulted across the Multiverse, where he encounters the Spider Society, a team of Spider-People charged with protecting the Multiverse’s very existence. But when the heroes clash on how to handle a new threat, Miles finds himself pitted against the other Spiders and must set out on his own to save those he loves most.",100000000,690897910,140,Released,https://www.sonypictures.com/movies/spidermanacrossthespiderverse,Animation; Action; Adventure; Science Fiction,Columbia Pictures; Sony Pictures Animation; Lord Miller; Pascal Pictures; Arad Productions; Marvel Entertainment,United States of America
839033,The Lord of the Rings: The War of the Rohirrim,The Lord of the Rings: The War of the Rohirrim,en,2024-12-05,26.5651,6.7,567,False,False,"A sudden attack by Wulf, a clever and traitorous lord of Rohan seeking vengeance for the death of his father, forces Helm Hammerhand, the King of Rohan, and his people to make a daring last stand in the ancient stronghold of the Hornburg.",30000000,19958572,134,Released,https://www.lotrthewaroftherohirrim.com/,Animation; Fantasy; Adventure; Action,New Line Cinema; Warner Bros. Animation; Sola Entertainment; Middle-earth Enterprises; WingNut Films; Domain Entertainment,Japan; New Zealand; United States of America
748783,The Garfield Movie,The Garfield Movie,en,2024-04-30,27.4758,7.067,1256,False,False,"Garfield, the world-famous, Monday-hating, lasagna-loving indoor cat, is about to have a wild outdoor adventure! After an unexpected reunion with his long-lost father – scruffy street cat Vic – Garfield and his canine friend Odie are forced from their perfectly pampered life into joining Vic in a hilarious, high-stakes heist.",60000000,254907482,100,Released,https://www.thegarfield-movie.com/,Family; Comedy; Adventure; Animation,Alcon Entertainment; DNEG; Wayfarer Studios; One Cool Group; Stage 6 Films; Andrews McMeel Entertainment; John Cohen Productions,Hong Kong; United Kingdom; United States of America
181808,Star Wars: The Last Jedi,Star Wars: The Last Jedi,en,2017-12-13,20.9139,6.779,15582,False,False,"Rey develops her newly discovered abilities with the guidance of Luke Skywalker, who is unsettled by the strength of her powers. Meanwhile, the Resistance prepares to do battle with the First Order.",200000000,1332698830,152,Released,https://www.starwars.com/films/star-wars-episode-viii-the-last-jedi,Adventure; Action; Science Fiction,Lucasfilm Ltd.,United States of America
283995,Guardians of the Galaxy Vol. 2,Guardians of the Galaxy Vol. 2,en,2017-04-19,18.9272,7.612,21936,False,False,The Guardians must fight to keep their newfound family together as they unravel the mysteries of Peter Quill's true parentage.,200000000,863756051,137,Released,https://www.marvel.com/movies/guardians-of-the-galaxy-vol-2,Science Fiction; Adventure; Action,Marvel Studios,United States of America
823464,Godzilla x Kong: The New Empire,Godzilla x Kong: The New Empire,en,2024-03-27,26.123,7.091,4169,False,False,"Following their explosive showdown, Godzilla and Kong must reunite against a colossal undiscovered threat hidden within our world, challenging their very existence – and our own.",150000000,571750016,115,Released,https://www.godzillaxkongmovie.com,Action; Adventure; Science Fiction,Legendary Pictures,United States of America
672,Harry Potter and the Chamber of Secrets,Harry Potter and the Chamber of Secrets,en,2002-11-13,28.5092,7.7,22493,False,False,"Cars fly, trees fight back, and a mysterious house-elf comes to warn Harry Potter at the start of his second year at Hogwarts. Adventure and danger await when bloody writing on a wall announces: The Chamber Of Secrets Has Been Opened. To save Hogwarts will require all of Harry, Ron and Hermione’s magical abilities and courage.",100000000,876688482,161,Released,https://www.warnerbros.com/movies/harry-potter-and-chamber-secrets/,Adventure; Fantasy,Warner Bros. Pictures; Heyday Films; 1492 Pictures; MIRACLE Productions,United Kingdom; United States of America; Germany
346698,Barbie,Barbie,en,2023-07-19,26.2765,6.974,9839,False,False,"Barbie and Ken are having the time of their lives in the colorful and seemingly perfect world of Barbie Land. However, when they get a chance to go to the real world, they soon discover the joys and perils of living among humans.",145000000,1445638421,114,Released,https://www.barbie-themovie.com,Comedy; Adventure,LuckyChap Entertainment; Heyday Films; NB/GG Pictures; Mattel; Warner Bros. Pictures,United Kingdom; United States of America
27205,Inception,Inception,en,2010-07-15,25.8168,8.368,37421,False,False,"Cobb, a skilled thief who commits corporate espionage by infiltrating the subconscious of his targets is offered a chance to regain his old life as payment for a task considered to be impossible: ""inception"", the implantation of another person's idea into a target's subconscious.",160000000,839030630,148,Released,https://www.warnerbros.com/movies/inception,Action; Science Fiction; Adventure,Legendary Pictures; Syncopy; Warner Bros. Pictures,United Kingdom; United States of America
940551,Migration,Migration,en,2023-12-06,25.7212,7.393,1994,False,False,"After a migrating duck family alights on their pond with thrilling tales of far-flung places, the Mallard family embarks on a family road trip, from New England, to New York City, to tropical Jamaica.",72000000,298776052,83,Released,https://www.migration.movie,Animation; Adventure; Comedy; Family,Universal Pictures; Illumination,United States of America
698687,Transformers One,Transformers One,en,2024-09-11,25.5056,8.099,1213,False,False,"The untold origin story of Optimus Prime and Megatron, better known as sworn enemies, but once were friends bonded like brothers who changed the fate of Cybertron forever.",75000000,128888103,104,Released,https://www.transformersmovie.com,Animation; Science Fiction; Adventure; Family,Paramount Animation; di Bonaventura Pictures; DeSanto/Murphy Productions; Bay Films; New Republic Pictures; Hasbro Entertainment,United States of America
436969,The Suicide Squad,The Suicide Squad,en,2021-07-28,19.2678,7.488,8868,False,False,"Supervillains Harley Quinn, Bloodsport, Peacemaker and a collection of nutty cons at Belle Reve prison join the super-secret, super-shady Task Force X as they are dropped off at the remote, enemy-infused island of Corto Maltese.",185000000,168717425,132,Released,https://www.thesuicidesquad.net,Action; Comedy; Adventure,DC Films; Atlas Entertainment; The Safran Company; Warner Bros. Pictures,United States of America
99861,Avengers: Age of Ultron,Avengers: Age of Ultron,en,2015-04-22,24.7409,7.271,23400,False,False,"When Tony Stark tries to jumpstart a dormant peacekeeping program, things go awry and Earth’s Mightiest Heroes are put to the ultimate test as the fate of the planet hangs in the balance. As the villainous Ultron emerges, it is up to The Avengers to stop him from enacting his terrible plans, and soon uneasy alliances and unexpected action pave the way for an epic and unique global adventure.",365000000,1405403694,141,Released,https://www.marvel.com/movies/avengers-age-of-ultron,Action; Adventure; Science Fiction,Marvel Studios,United States of America
667538,Transformers: Rise of the Beasts,Transformers: Rise of the Beasts,en,2023-06-06,23.5062,7.243,4883,False,False,"When a new threat capable of destroying the entire planet emerges, Optimus Prime and the Autobots must team up with a powerful faction known as the Maximals. With the fate of humanity hanging in the balance, humans Noah and Elena will do whatever it takes to help the Transformers as they engage in the ultimate battle to save Earth.",195000000,441381193,127,Released,https://www.paramountmovies.com/movies/transformers-rise-of-the-beasts,Science Fiction; Adventure; Action,Skydance Media; Paramount Pictures; di Bonaventura Pictures; Bay Films; New Republic Pictures; DeSanto/Murphy Productions; Hasbro,United States of America
954,Mission: Impossible,Mission: Impossible,en,1996-05-22,26.6594,6.996,9153,False,False,"When Ethan Hunt, the leader of a crack espionage team whose perilous operation has gone awry with no explanation, discovers that a mole has penetrated the CIA, he's surprised to learn that he's the prime suspect. To clear his name, Hunt now must ferret out the real double agent and, in the process, even the score.",80000000,457696391,110,Released,,Adventure; Action; Thriller,Paramount Pictures; Cruise/Wagner Productions,United States of America
293167,Kong: Skull Island,Kong: Skull Island,en,2017-03-08,15.6003,6.544,10631,False,False,"Explore the mysterious and dangerous home of the king of the apes as a team of explorers ventures deep inside the treacherous, primordial island.",185000000,566652812,118,Released,http://kongskullislandmovie.com/,Action; Adventure; Fantasy,Legendary Pictures; Tencent Pictures,China; United States of America
76341,Mad Max: Fury Road,Mad Max: Fury Road,en,2015-05-13,25.6043,7.621,23059,False,False,"An apocalyptic story set in the furthest reaches of our planet, in a stark desert landscape where humanity is broken, and most everyone is crazed fighting for the necessities of life. Within this world exist two rebels on the run who just might be able to restore order.",150000000,378858340,121,Released,https://www.warnerbros.com/movies/mad-max-fury-road,Action; Adventure; Science Fiction,Warner Bros. Pictures; Village Roadshow Pictures; Kennedy Miller Mitchell; RatPac Entertainment,Australia; United States of America
453395,Doctor Strange in the Multiverse of Madness,Doctor Strange in the Multiverse of Madness,en,2022-05-04,22.4901,7.261,9503,False,False,"Doctor Strange, with the help of mystical allies both old and new, traverses the mind-bending and dangerous alternate realities of the Multiverse to confront a mysterious new adversary.",200000000,955775804,126,Released,https://www.marvel.com/movies/doctor-strange-in-the-multiverse-of-madness,Fantasy; Action; Adventure,Marvel Studios; Kevin Feige Productions,United States of America
507086,Jurassic World Dominion,Jurassic World Dominion,en,2022-06-01,23.9868,6.664,6346,False,False,"Four years after Isla Nublar was destroyed, dinosaurs now live—and hunt—alongside humans all over the world. This fragile balance will reshape the future and determine, once and for all, whether human beings are to remain the apex predators on a planet they now share with history's most fearsome creatures.",165000000,1001978080,147,Released,https://www.jurassicworld.com,Adventure; Action; Science Fiction,Amblin Entertainment; Universal Pictures,United States of America
209112,Batman v Superman: Dawn of Justice,Batman v Superman: Dawn of Justice,en,2016-03-23,17.0213,5.978,18240,False,False,"Fearing the actions of a god-like Super Hero left unchecked, Gotham City’s own formidable, forceful vigilante takes on Metropolis’s most revered, modern-day savior, while the world wrestles with what sort of hero it really needs. And with Batman and Superman at war with one another, a new threat quickly arises, putting mankind in greater danger than it’s ever known before.",250000000,874362803,152,Released,https://www.warnerbros.com/movies/batman-v-superman-dawn-justice,Action; Adventure; Fantasy,Warner Bros. Pictures; RatPac Entertainment; Atlas Entertainment; DC Entertainment; Cruel & Unusual Films,United States of America
38757,Tangled,Tangled,en,2010-11-24,24.1488,7.607,11728,False,False,"Feisty teenager Rapunzel, who has long and magical hair, wants to go and see sky lanterns on her eighteenth birthday, but she's bound to a tower by her overprotective mother. She strikes a deal with Flynn Rider, a charming wanted thief, and the duo set off on an action-packed escapade.",260000000,592461732,100,Released,http://disney.go.com/disneypictures/tangled/,Animation; Family; Adventure,Walt Disney Animation Studios; Walt Disney Pictures,United States of America
505642,Black Panther: Wakanda Forever,Black Panther: Wakanda Forever,en,2022-11-09,24.117,7.1,6800,False,False,"Queen Ramonda, Shuri, M’Baku, Okoye and the Dora Milaje fight to protect their nation from intervening world powers in the wake of King T’Challa’s death.  As the Wakandans strive to embrace their next chapter, the heroes must band together with the help of War Dog Nakia and Everett Ross and forge a new path for the kingdom of Wakanda.",250000000,859102154,162,Released,https://wakandaforevertickets.com,Action; Adventure; Science Fiction,Marvel Studios,United States of America
979660,Freaky Tales,Freaky Tales,en,2025-04-04,21.4246,6.663,46,False,False,"In 1987 Oakland, a mysterious force guides The Town's underdogs in four interconnected tales: teen punks defend their turf against Nazi skinheads, a rap duo battles for hip-hop immortality, a weary henchman gets a shot at redemption, and an NBA All-Star settles the score.",0,400000,107,Released,https://www.lionsgate.com/movies/freaky-tales,Action; Adventure; Comedy,MACRO; Entertainment One; Gowanus Projections,Canada; United States of America
120,The Lord of the Rings: The Fellowship of the Ring,The Lord of the Rings: The Fellowship of the Ring,en,2001-12-18,25.5211,8.42,25927,False,False,"Young hobbit Frodo Baggins, after inheriting a mysterious ring from his uncle Bilbo, must leave his home in order to keep it from falling into the hands of its evil creator. Along the way, a fellowship is formed to protect the ringbearer and make sure that the ring arrives at its final destination: Mt. Doom, the only place where it can be destroyed.",93000000,871368364,179,Released,http://www.lordoftherings.net/,Adventure; Fantasy; Action,New Line Cinema; WingNut Films; The Saul Zaentz Company,New Zealand; United States of America
870360,The Day the Earth Blew Up: A Looney Tunes Movie,The Day the Earth Blew Up: A Looney Tunes Movie,en,2024-08-01,21.1205,7.5,71,False,False,"Porky and Daffy, the classic animated odd couple, turn into unlikely heroes when their antics at the local bubble gum factory uncover a secret alien mind control plot. Against all odds, the two are determined to save their town (and the world!)...that is if they don't drive each other crazy in the process.",15000000,12641938,91,Released,https://gfmanimation.com/films/the-day-the-earth-blew-up,Family; Comedy; Adventure; Animation; Science Fiction,Warner Bros. Animation,United States of America
106,Predator,Predator,en,1987-06-12,22.9074,7.534,8338,False,False,A team of elite commandos on a secret mission in a Central American jungle come to find themselves hunted by an extraterrestrial warrior.,15000000,98267558,107,Released,https://www.20thcenturystudios.com/movies/predator,Science Fiction; Action; Adventure; Thriller,20th Century Fox; Lawrence Gordon Productions; Silver Pictures; Davis Entertainment; Amercent Films; American Entertainment Partners L.P.,United States of America
284054,Black Panther,Black Panther,en,2018-02-13,20.3923,7.373,22537,False,False,"King T'Challa returns home to the reclusive, technologically advanced African nation of Wakanda to serve as his country's new leader. However, T'Challa soon finds that he is challenged for the throne by factions within his own country as well as without. Using powers reserved to Wakandan kings, T'Challa assumes the Black Panther mantle to join with ex-girlfriend Nakia, the queen-mother, his princess-kid sister, members of the Dora Milaje (the Wakandan 'special forces') and an American secret agent, to prevent Wakanda from being dragged into a world war.",200000000,1349926083,135,Released,https://www.marvel.com/movies/black-panther,Action; Adventure; Science Fiction,Marvel Studios,United States of America
19995,Avatar,Avatar,en,2009-12-15,23.3924,7.589,32199,False,False,"In the 22nd century, a paraplegic Marine is dispatched to the moon Pandora on a unique mission, but becomes torn between following orders and protecting an alien civilization.",237000000,2923706026,162,Released,https://www.avatar.com/movies/avatar,Action; Adventure; Fantasy; Science Fiction,Dune Entertainment; Lightstorm Entertainment; 20th Century Fox; Ingenious Media,United States of America; United Kingdom
508883,The Boy and the Heron,君たちはどう生きるか,ja,2023-07-14,21.0863,7.452,2158,False,False,"While the Second World War rages, the teenage Mahito, haunted by his mother's tragic death, is relocated from Tokyo to the serene rural home of his new stepmother Natsuko, a woman who bears a striking resemblance to the boy's mother. As he tries to adjust, this strange new world grows even stranger following the appearance of a persistent gray heron, who perplexes and bedevils Mahito, dubbing him the ""long-awaited one.""",50000000,294200000,124,Released,https://gkids.com/films/the-boy-and-the-heron/,Animation; Adventure; Fantasy; Family; Drama,Studio Ghibli,Japan
575264,Mission: Impossible - Dead Reckoning Part One,Mission: Impossible - Dead Reckoning Part One,en,2023-07-08,25.2135,7.531,4174,False,False,"Ethan Hunt and his IMF team embark on their most dangerous mission yet: To track down a terrifying new weapon that threatens all of humanity before it falls into the wrong hands. With control of the future and the world's fate at stake and dark forces from Ethan's past closing in, a deadly race around the globe begins. Confronted by a mysterious, all-powerful enemy, Ethan must consider that nothing can matter more than his mission—not even the lives of those he cares about most.",291000000,567535383,164,Released,https://www.paramountmovies.com/movies/mission-impossible-dead-reckoning,Action; Adventure,Paramount Pictures; Skydance Media; TC Productions,United States of America
559,Spider-Man 3,Spider-Man 3,en,2007-05-01,21.2141,6.437,14429,False,False,"The seemingly invincible Spider-Man goes up against an all-new crop of villains—including the shape-shifting Sandman. While Spider-Man’s superpowers are altered by an alien organism, his alter ego, Peter Parker, deals with nemesis Eddie Brock and also gets caught up in a love triangle.",258000000,894983373,139,Released,https://www.sonypictures.com/movies/spiderman3,Action; Adventure; Science Fiction,Laura Ziskin Productions; Marvel Studios; Columbia Pictures,United States of America
269149,Zootopia,Zootopia,en,2016-02-11,23.0994,7.748,16659,False,False,"Determined to prove herself, Officer Judy Hopps, the first bunny on Zootopia's police force, jumps at the chance to crack her first case - even if it means partnering with scam-artist fox Nick Wilde to solve the mystery.",150000000,1023784195,109,Released,http://movies.disney.com/zootopia,Animation; Adventure; Family; Comedy,Walt Disney Animation Studios; Walt Disney Pictures,United States of America
438631,Dune,Dune,en,2021-09-15,23.9699,7.784,13486,False,False,"Paul Atreides, a brilliant and gifted young man born into a great destiny beyond his understanding, must travel to the most dangerous planet in the universe to ensure the future of his family and his people. As malevolent forces explode into conflict over the planet's exclusive supply of the most precious resource in existence-a commodity capable of unlocking humanity's greatest potential-only those who can conquer their fear will survive.",165000000,407573628,155,Released,https://www.dunemovie.com/,Science Fiction; Adventure,Legendary Pictures,United States of America
675,Harry Potter and the Order of the Phoenix,Harry Potter and the Order of the Phoenix,en,2007-07-08,23.7256,7.675,19861,False,False,"Returning for his fifth year of study at Hogwarts, Harry is stunned to find that his warnings about the return of Lord Voldemort have been ignored. Left with no choice, Harry takes matters into his own hands, training a small group of students to defend themselves against the dark arts.",150000000,938212738,138,Released,https://www.warnerbros.com/movies/harry-potter-and-order-phoenix/,Adventure; Fantasy,Warner Bros. Pictures; Heyday Films,United Kingdom; United States of America
516729,Paddington in Peru,Paddington in Peru,en,2024-11-08,23.3409,6.841,362,False,False,"Paddington travels to Peru to visit his beloved Aunt Lucy, who now resides at the Home for Retired Bears. With the Brown Family in tow, a thrilling adventure ensues when a mystery plunges them into an unexpected journey through the Amazon rainforest and up to the mountain peaks of Peru.",90000000,168610271,106,Released,https://www.paddingtoninperu.co.uk,Family; Comedy; Adventure,Marmalade Pictures; Kinoshita Group; StudioCanal; Stage 6 Films,United Kingdom; France; United States of America; Japan
809,Shrek 2,Shrek 2,en,2004-05-19,21.8952,7.292,12646,False,False,"Shrek, Fiona, and Donkey set off to Far, Far Away to meet Fiona's mother and father, the Queen and King. But not everyone is happily ever after. Shrek and the King find it difficult to get along, and there's tension in the marriage. The Fairy Godmother discovers that Fiona has married Shrek instead of her son Prince Charming and plots to destroy their marriage.",150000000,935454538,92,Released,http://www.shrek2.com/,Animation; Family; Comedy; Fantasy; Adventure,DreamWorks Animation; Pacific Data Images,United States of America
320288,Dark Phoenix,Dark Phoenix,en,2019-06-05,15.9627,5.971,6664,False,False,"The X-Men face their most formidable and powerful foe when one of their own, Jean Grey, starts to spiral out of control. During a rescue mission in outer space, Jean is nearly killed when she's hit by a mysterious cosmic force. Once she returns home, this force not only makes her infinitely more powerful, but far more unstable. The X-Men must now band together to save her soul and battle aliens that want to use Grey's new abilities to rule the galaxy.",200000000,252442974,114,Released,https://www.20thcenturystudios.com/movies/dark-phoenix,Science Fiction; Action; Adventure,Genre Films; Hutch Parker Entertainment; 20th Century Fox; TSG Entertainment; Marvel Entertainment,United States of America
1196470,Survive,Survivre,fr,2024-06-19,23.5578,5.8,218,False,False,A couple celebrates their son’s birthday in the middle of the ocean on their boat. A violent storm hits and it brings up hungry creatures from the depths and they fight for their survival.,5270000,0,90,Released,https://amzn.to/3ZPDLly,Science Fiction; Thriller; Adventure; Action,M.E.S. Productions; Monkey Pack Films; C8 Films,France
58,Pirates of the Caribbean: Dead Man's Chest,Pirates of the Caribbean: Dead Man's Chest,en,2006-07-06,22.1973,7.366,16316,False,False,"Captain Jack Sparrow races to recover the heart of Davy Jones to avoid enslaving his soul to Jones' service, as other friends and foes seek the heart for their own agenda as well.",200000000,1066179747,151,Released,https://movies.disney.com/pirates-of-the-caribbean-dead-mans-chest,Adventure; Fantasy; Action,Walt Disney Pictures; Jerry Bruckheimer Films; Second Mate Productions,United States of America
653346,Kingdom of the Planet of the Apes,Kingdom of the Planet of the Apes,en,2024-05-08,22.8939,7.077,3704,False,False,"Several generations following Caesar's reign, apes – now the dominant species – live harmoniously while humans have been reduced to living in the shadows. As a new tyrannical ape leader builds his empire, one young ape undertakes a harrowing journey that will cause him to question all he's known about the past and to make choices that will define a future for apes and humans alike.",160000000,397378150,145,Released,https://www.20thcenturystudios.com/movies/kingdom-of-the-planet-of-the-apes,Science Fiction; Adventure; Action; Drama; Thriller,20th Century Studios; Oddball Entertainment; Jason T. Reed Productions,United States of America
767,Harry Potter and the Half-Blood Prince,Harry Potter and the Half-Blood Prince,en,2009-07-15,22.0405,7.684,19842,False,False,"As Lord Voldemort tightens his grip on both the Muggle and wizarding worlds, Hogwarts is no longer a safe haven. Harry suspects perils may even lie within the castle, but Dumbledore is more intent upon preparing him for the final battle fast approaching. Together they work to find the key to unlock Voldemorts defenses and to this end, Dumbledore recruits his old friend and colleague Horace Slughorn, whom he believes holds crucial information. Even as the decisive showdown looms, romance blossoms for Harry, Ron, Hermione and their classmates. Love is in the air, but danger lies ahead and Hogwarts may never be the same again.",250000000,933959197,153,Released,https://www.warnerbros.com/movies/harry-potter-and-half-blood-prince/,Adventure; Fantasy,Warner Bros. Pictures; Heyday Films,United Kingdom; United States of America
1011985,Kung Fu Panda 4,Kung Fu Panda 4,en,2024-03-02,23.0515,7.07,3056,False,False,"Po is gearing up to become the spiritual leader of his Valley of Peace, but also needs someone to take his place as Dragon Warrior. As such, he will train a new kung fu practitioner for the spot and will encounter a villain called the Chameleon who conjures villains from the past.",80000000,548040835,94,Released,https://www.dreamworks.com/movies/kung-fu-panda-4,Animation; Family; Action; Comedy; Adventure; Fantasy,DreamWorks Animation,United States of America
791373,Zack Snyder's Justice League,Zack Snyder's Justice League,en,2021-03-18,21.2295,8.12,10206,False,False,"Determined to ensure Superman's ultimate sacrifice was not in vain, Bruce Wayne aligns forces with Diana Prince with plans to recruit a team of metahumans to protect the world from an approaching threat of catastrophic proportions.",70000000,0,242,Released,https://www.hbomax.com/zacksnydersjusticeleague,Action; Adventure; Fantasy,Warner Bros. Pictures; The Stone Quarry; Atlas Entertainment; Access Entertainment; Dune Entertainment; DC Films,United States of America
1333100,Attack on Titan: THE LAST ATTACK,劇場版「進撃の巨人」完結編 THE LAST ATTACK,ja,2024-11-08,22.2022,8.6,48,False,False,"A colossal-sized omnibus film bringing together the last two episodes of Attack on Titan in the franchise's first-ever theatrical experience. After venturing beyond the walls and separated from his comrades, Eren finds himself inspired by this new truth and plots the ""Rumbling,"" a terrifying plan to eradicate every living thing in the world. With the fate of the world hanging in the balance, a motley crew of Eren's former comrades and enemies scramble to halt his deadly mission. The only question is, can they stop him?",0,19791639,145,Released,,Animation; Action; Adventure; Fantasy,MAPPA; Pony Canyon,Japan
82702,How to Train Your Dragon 2,How to Train Your Dragon 2,en,2014-06-05,20.7449,7.673,9800,False,False,"Five years have passed since Hiccup and Toothless united the dragons and Vikings of Berk. Now, they spend their time charting unmapped territories. During one of their adventures, the pair discover a secret cave that houses hundreds of wild dragons -- and a mysterious dragon rider. Hiccup and Toothless find themselves at the center of a battle to protect Berk from a power-hungry warrior.",145000000,621537519,102,Released,http://howtotrainyourdragon.com,Fantasy; Action; Adventure; Animation; Comedy; Family,DreamWorks Animation,United States of America
98566,Teenage Mutant Ninja Turtles,Teenage Mutant Ninja Turtles,en,2014-08-07,19.4773,5.911,6878,False,False,"When a kingpin threatens New York City, a group of mutated turtle warriors must emerge from the shadows to protect their home.",125000000,485004754,101,Released,http://www.teenagemutantninjaturtlesmovie.com,Science Fiction; Action; Adventure; Comedy,Nickelodeon Movies; Paramount Pictures; Platinum Dunes; Mirage Studios; Gama Entertainment Partners; Mednick Productions; Heavy Metal,United States of America
777443,The Electric State,The Electric State,en,2025-03-07,22.3794,6.568,1100,False,False,"An orphaned teen hits the road with a mysterious robot to find her long-lost brother, teaming up with a smuggler and his wisecracking sidekick.",320000000,0,125,Released,https://www.netflix.com/title/81601562,Science Fiction; Adventure; Action,AGBO; Skybound Entertainment,United States of America
588228,The Tomorrow War,The Tomorrow War,en,2021-09-03,22.8217,7.511,3664,False,False,"The world is stunned when a group of time travelers arrive from the year 2051 to deliver an urgent message: Thirty years in the future, mankind is losing a global war against a deadly alien species. The only hope for survival is for soldiers and civilians from the present to be transported to the future and join the fight. Among those recruited is high school teacher and family man Dan Forester. Determined to save the world for his young daughter, Dan teams up with a brilliant scientist and his estranged father in a desperate quest to rewrite the fate of the planet.",200000000,14400000,138,Released,https://www.amazon.com/dp/B093CQZ2SM,Action; Science Fiction; Adventure,Skydance Media; Phantom Four; Lit Entertainment Group,United States of America
4935,Howl's Moving Castle,ハウルの動く城,ja,2004-09-09,20.2929,8.397,10272,False,False,"Sophie, a young milliner, is turned into an elderly woman by a witch who enters her shop and curses her. She encounters a wizard named Howl and gets caught up in his resistance to fighting for the king.",24000000,236049757,119,Released,,Fantasy; Animation; Adventure,Studio Ghibli; dentsu Music and Entertainment; Mitsubishi; Nippon Television Network Corporation; TFC; Tokuma Shoten; d-rights,Japan
370172,No Time to Die,No Time to Die,en,2021-09-29,16.7926,7.367,6499,False,False,"Bond has left active service and is enjoying a tranquil life in Jamaica. His peace is short-lived when his old friend Felix Leiter from the CIA turns up asking for help. The mission to rescue a kidnapped scientist turns out to be far more treacherous than expected, leading Bond onto the trail of a mysterious villain armed with dangerous new technology.",250000000,774153024,163,Released,https://mgm.com/movies/no-time-to-die,Action; Thriller; Adventure,EON Productions; Metro-Goldwyn-Mayer,United Kingdom; United States of America
49521,Man of Steel,Man of Steel,en,2013-06-12,20.2286,6.631,15387,False,False,"A young boy learns that he has extraordinary powers and is not of this earth. As a young man, he journeys to discover where he came from and what he was sent here to do. But the hero in him must emerge if he is to save the world from annihilation and become the symbol of hope for all mankind.",225000000,668045518,143,Released,https://www.warnerbros.com/movies/man-steel,Action; Adventure; Science Fiction,DC Entertainment; Syncopy; Peters Entertainment; Warner Bros. Pictures,United Kingdom; United States of America
22,Pirates of the Caribbean: The Curse of the Black Pearl,Pirates of the Caribbean: The Curse of the Black Pearl,en,2003-07-09,19.9477,7.809,21092,False,False,"After Port Royal is attacked and pillaged by a mysterious pirate crew, capturing the governor's daughter Elizabeth Swann in the process, William Turner asks free-willing pirate Jack Sparrow to help him locate the crew's ship—The Black Pearl—so that he can rescue the woman he loves.",140000000,655011224,143,Released,https://movies.disney.com/pirates-of-the-caribbean-the-curse-of-the-black-pearl,Adventure; Fantasy; Action,Walt Disney Pictures; Jerry Bruckheimer Films,United States of America
436270,Black Adam,Black Adam,en,2022-10-19,20.3744,6.866,6530,False,False,"Nearly 5,000 years after he was bestowed with the almighty powers of the Egyptian gods—and imprisoned just as quickly—Black Adam is freed from his earthly tomb, ready to unleash his unique form of justice on the modern world.",200000000,393452111,125,Released,https://www.dc.com/BlackAdam,Action; Adventure; Science Fiction,New Line Cinema; Flynn Picture Company; DC Films; Seven Bucks Productions; Warner Bros. Pictures,United States of America
335988,Transformers: The Last Knight,Transformers: The Last Knight,en,2017-06-16,14.4436,6.053,6352,False,False,"Humans and Transformers are at war. Optimus Prime is gone. The key to saving our future lies buried in the secrets of the past, in the hidden history of Transformers on Earth. Saving our world falls upon the shoulders of an unlikely alliance: Cade Yeager; Bumblebee; an English Lord; and an Oxford Professor.",217000000,605425157,154,Released,https://www.paramountmovies.com/movies/transformers-the-last-knight,Action; Adventure; Science Fiction,Paramount Pictures; di Bonaventura Pictures; Ian Bryce Productions; DeSanto/Murphy Productions; Hasbro,United States of America
150540,Inside Out,Inside Out,en,2015-06-17,22.7773,7.911,22467,False,False,"When 11-year-old Riley moves to a new city, her Emotions team up to help her through the transition. Joy, Fear, Anger, Disgust and Sadness work together, but when Joy and Sadness get lost, they must journey through unfamiliar places to get back home.",175000000,857611174,95,Released,http://movies.disney.com/inside-out,Animation; Family; Adventure; Drama; Comedy,Pixar; Walt Disney Pictures,United States of America
49051,The Hobbit: An Unexpected Journey,The Hobbit: An Unexpected Journey,en,2012-12-12,20.14,7.4,18745,False,False,"Bilbo Baggins, a hobbit enjoying his quiet life, is swept into an epic quest by Gandalf the Grey and thirteen dwarves who seek to reclaim their mountain home from Smaug, the dragon.",250000000,1021103568,169,Released,http://www.thehobbit.com/,Adventure; Fantasy; Action,New Line Cinema; Metro-Goldwyn-Mayer; WingNut Films,New Zealand; United States of America
122,The Lord of the Rings: The Return of the King,The Lord of the Rings: The Return of the King,en,2003-12-17,20.8943,8.483,25027,False,False,"As armies mass for a final battle that will decide the fate of the world--and powerful, ancient forces of Light and Dark compete to determine the outcome--one member of the Fellowship of the Ring is revealed as the noble heir to the throne of the Kings of Men. Yet, the sole hope for triumph over evil lies with a brave hobbit, Frodo, who, accompanied by his loyal friend Sam and the hideous, wretched Gollum, ventures deep into the very dark heart of Mordor on his seemingly impossible quest to destroy the Ring of Power.​",94000000,1118888979,201,Released,http://www.lordoftherings.net,Adventure; Fantasy; Action,New Line Cinema; WingNut Films; The Saul Zaentz Company,New Zealand; United States of America
545611,Everything Everywhere All at Once,Everything Everywhere All at Once,en,2022-03-24,20.2625,7.76,7003,False,False,"An aging Chinese immigrant is swept up in an insane adventure, where she alone can save what's important to her by connecting with the lives she could have led in other universes.",25000000,139200000,140,Released,https://a24films.com/films/everything-everywhere-all-at-once,Action; Adventure; Science Fiction,IAC Films; AGBO; Ley Line Entertainment; Year of the Rat,United States of America
181812,Star Wars: The Rise of Skywalker,Star Wars: The Rise of Skywalker,en,2019-12-18,19.8592,6.3,10164,False,False,"The surviving Resistance faces the First Order once again as the journey of Rey, Finn and Poe Dameron continues. With the power and knowledge of generations behind them, the final battle begins.",416000000,1074144248,142,Released,https://www.starwars.com/films/star-wars-episode-ix-the-rise-of-skywalker,Adventure; Action; Science Fiction,Lucasfilm Ltd.; Bad Robot,United States of America
353081,Mission: Impossible - Fallout,Mission: Impossible - Fallout,en,2018-07-13,18.8335,7.431,8458,False,False,"When an IMF mission ends badly, the world is faced with dire consequences. As Ethan Hunt takes it upon himself to fulfill his original briefing, the CIA begin to question his loyalty and his motives. The IMF team find themselves in a race against time, hunted by assassins while trying to prevent a global catastrophe.",178000000,791658205,147,Released,,Action; Adventure,Paramount Pictures; Bad Robot; Skydance Media; TC Productions,United States of America
564,The Mummy,The Mummy,en,1999-04-16,20.9246,6.94,9308,False,False,Dashing legionnaire Rick O'Connell stumbles upon the hidden ruins of Hamunaptra while in the midst of a battle to claim the area in 1920s Egypt. It has been over three thousand years since former High Priest Imhotep suffered a fate worse than death as a punishment for a forbidden love—along with a curse that guarantees eternal doom upon the world if he is ever awoken.,80000000,415885488,124,Released,http://www.mummyvideo.com/,Adventure; Action; Fantasy,Alphaville Films,United States of America
354912,Coco,Coco,en,2017-10-27,21.8629,8.205,19941,False,False,"Despite his family’s baffling generations-old ban on music, Miguel dreams of becoming an accomplished musician like his idol, Ernesto de la Cruz. Desperate to prove his talent, Miguel finds himself in the stunning and colorful Land of the Dead following a mysterious chain of events. Along the way, he meets charming trickster Hector, and together, they set off on an extraordinary journey to unlock the real story behind Miguel's family history.",175000000,807816196,105,Released,https://www.pixar.com/feature-films/coco,Family; Animation; Music; Adventure,Pixar; Walt Disney Pictures,United States of America
56292,Mission: Impossible - Ghost Protocol,Mission: Impossible - Ghost Protocol,en,2011-12-07,21.4716,7.096,10086,False,False,"Ethan Hunt and his team are racing against time to track down a dangerous terrorist named Hendricks, who has gained access to Russian nuclear launch codes and is planning a strike on the United States. An attempt to stop him ends in an explosion causing severe destruction to the Kremlin and the IMF to be implicated in the bombing, forcing the President to disavow them. No longer being aided by the government, Ethan and his team chase Hendricks around the globe, although they might still be too late to stop a disaster.",145000000,694713380,133,Released,,Action; Thriller; Adventure,Paramount Pictures; Bad Robot; TC Productions; Skydance Media,United States of America
298618,The Flash,The Flash,en,2023-06-13,18.4704,6.657,4512,False,False,"When his attempt to save his family inadvertently alters the future, Barry Allen becomes trapped in a reality in which General Zod has returned and there are no Super Heroes to turn to. In order to save the world that he is in and return to the future that he knows, Barry's only hope is to race for his life. But will making the ultimate sacrifice be enough to reset the universe?",220000000,271333313,144,Released,https://www.dc.com/theflash,Adventure; Action; Science Fiction,Warner Bros. Pictures; Double Dream; The Disco Factory; DC Films,United States of America
1726,Iron Man,Iron Man,en,2008-04-30,20.7328,7.65,26921,False,False,"After being held captive in an Afghan cave, billionaire engineer Tony Stark creates a unique weaponized suit of armor to fight evil.",140000000,585174222,126,Released,https://www.marvel.com/movies/iron-man,Action; Science Fiction; Adventure,Marvel Studios; Marvel Entertainment; Fairview Entertainment,United States of America
425,Ice Age,Ice Age,en,2002-03-10,20.8104,7.36,13573,False,False,"With the impending ice age almost upon them, a mismatched trio of prehistoric critters – Manny the woolly mammoth, Diego the saber-toothed tiger and Sid the giant sloth – find an orphaned infant and decide to return it to its human parents. Along the way, the unlikely allies become friends but, when enemies attack, their quest takes on far nobler aims.",59000000,383257136,81,Released,http://www.iceagemovies.com/films/ice-age,Animation; Comedy; Family; Adventure,20th Century Fox Animation; Blue Sky Studios; 20th Century Fox,United States of America
315162,Puss in Boots: The Last Wish,Puss in Boots: The Last Wish,en,2022-12-07,21.51,8.216,8154,False,False,"Puss in Boots discovers that his passion for adventure has taken its toll: He has burned through eight of his nine lives, leaving him with only one life left. Puss sets out on an epic journey to find the mythical Last Wish and restore his nine lives.",90000000,484700000,103,Released,https://www.dreamworks.com/movies/puss-in-boots-the-last-wish,Animation; Adventure; Fantasy; Comedy; Family,DreamWorks Animation,United States of America
87101,Terminator Genisys,Terminator Genisys,en,2015-06-23,20.6109,5.94,8545,False,False,"The year is 2029. John Connor, leader of the resistance continues the war against the machines. At the Los Angeles offensive, John's fears of the unknown future begin to emerge when TECOM spies reveal a new plot by SkyNet that will attack him from both fronts; past and future, and will ultimately change warfare forever.",155000000,440603537,126,Released,https://www.paramount.com/movies/terminator-genisys,Science Fiction; Action; Thriller; Adventure,Paramount Pictures; Skydance Media; Annapurna Pictures,Canada; United States of America
